resume_id,filename,category
RF-000566,16850314.pdf,AVIATION
RF-000621,37473139.pdf,AVIATION
RF-001602,19147603.pdf,FINANCE
RF-001609,20880935(1).pdf,FINANCE
RF-001610,20880935.pdf,FINANCE
RF-001611,20918464(1).pdf,FINANCE
RF-001612,20918464.pdf,FINANCE
RF-001613,20969845(1).pdf,FINANCE
RF-001614,20969845.pdf,FINANCE
RF-001615,20977412(1).pdf,FINANCE
RF-001616,20977412.pdf,FINANCE
RF-001617,21912637(1).pdf,FINANCE
RF-001618,21912637.pdf,FINANCE
RF-001619,22492537(1).pdf,FINANCE
RF-001620,22492537.pdf,FINANCE
RF-001621,22622351(1).pdf,FINANCE
RF-001622,22622351.pdf,FINANCE
RF-001623,22720697(1).pdf,FINANCE
RF-001624,22720697.pdf,FINANCE
RF-001625,23354541(1).pdf,FINANCE
RF-001626,23354541.pdf,FINANCE
RF-001627,23573064(1).pdf,FINANCE
RF-001628,23573064.pdf,FINANCE
RF-001629,23955183(1).pdf,FINANCE
RF-001630,23955183.pdf,FINANCE
RF-001631,24411323(1).pdf,FINANCE
RF-001632,24411323.pdf,FINANCE
RF-001633,24530382(1).pdf,FINANCE
RF-001634,24530382.pdf,FINANCE
RF-001635,24553863(1).pdf,FINANCE
RF-001636,24553863.pdf,FINANCE
RF-001637,24611721(1).pdf,FINANCE
RF-001638,24611721.pdf,FINANCE
RF-001639,24670867(1).pdf,FINANCE
RF-001640,24670867.pdf,FINANCE
RF-001660,28398216.pdf,FINANCE
