,precision,recall,f1-score,support
ACCOUNTANT,0.5714285714285714,0.8888888888888888,0.6956521739130435,18.0
ADVOCATE,0.8571428571428571,0.6666666666666666,0.75,18.0
AGRICULTURE,1.0,0.5555555555555556,0.7142857142857143,9.0
APPAREL,0.5833333333333334,0.5,0.5384615384615384,14.0
ARTS,0.6666666666666666,0.4,0.5,15.0
AUTOMOBILE,1.0,0.4,0.5714285714285714,5.0
AVIATION,0.9375,0.8333333333333334,0.8823529411764706,18.0
BANKING,0.8333333333333334,0.8823529411764706,0.8571428571428571,17.0
BPO,1.0,0.3333333333333333,0.5,3.0
BUSINESS-DEVELOPMENT,0.6190476190476191,0.7222222222222222,0.6666666666666666,18.0
CHEF,0.7,0.7777777777777778,0.7368421052631579,18.0
CONSTRUCTION,0.8333333333333334,0.8823529411764706,0.8571428571428571,17.0
CONSULTANT,0.8333333333333334,0.2777777777777778,0.4166666666666667,18.0
DESIGNER,0.75,0.75,0.75,16.0
DIGITAL-MEDIA,0.7272727272727273,0.5714285714285714,0.64,14.0
ENGINEERING,0.6666666666666666,0.7777777777777778,0.717948717948718,18.0
FINANCE,0.9090909090909091,0.5555555555555556,0.6896551724137931,18.0
FITNESS,0.7368421052631579,0.7777777777777778,0.7567567567567568,18.0
HEALTHCARE,0.5882352941176471,0.5555555555555556,0.5714285714285714,18.0
HR,0.8,1.0,0.8888888888888888,16.0
INFORMATION-TECHNOLOGY,0.6538461538461539,0.9444444444444444,0.7727272727272727,18.0
PUBLIC-RELATIONS,0.5652173913043478,0.8125,0.6666666666666666,16.0
SALES,0.5,0.5,0.5,18.0
TEACHER,0.6190476190476191,0.8666666666666667,0.7222222222222222,15.0
accuracy,0.7024128686327078,0.7024128686327078,0.7024128686327078,0.7024128686327078
macro avg,0.7479724130928448,0.6763319911297853,0.681789015050018,373.0
weighted avg,0.7268831472044679,0.7024128686327078,0.692948530827226,373.0
