resume_id,filename,category,predicted_category,text_preview
43852883,43852883,APPAREL,HR," CFO ASSISTANT/EXECUTIVE ADMINISTRATOR/HR MANAGER/CS Professional Summary To apply myself in a new and challenging position with a progressive organization for long-term employment. Organized, deadline-oriented, great attention to detail and work well under pressure. I have the ability to multi-task, work in a fast-paced environment and do whatever it takes to get the job done while maintaining a high level of professionalism. Having served as a point person for executive teams, senior managemen"
27090089,27090089,HEALTHCARE,ARTS," OWNER Summary Results-oriented individual with diverse background in management and customer service. Dedicated to providing excellent customer service and Strong work ethic, professional demeanor and great initiative. Highlights Microsoft Office proficiency Employee training and development Schedule management Results-oriented Dedicated team player Resourceful Bilingual in [Language] Arts and crafts aptitude Meeting planning Scheduling Concierge duties Operations management Marketing and sales"
39608848,39608848,ARTS,PUBLIC-RELATIONS," MARKETING MANAGER Summary To use my skills, knowledge and enthusiasm to advance the public image and credibility of a business-driven company, in a manner consistent with its existing core values. Almost twenty years of experience in providing top-quality customer service, office management, Marketing, and public relations both for private corporations and non-profit organizations. This includes the ability to execute a successful event or project from vision to completion. Highlights Customer "
22765255,22765255,BUSINESS-DEVELOPMENT,ENGINEERING," ASSOCIATE DIRECTOR BUSINESS DEVELOPMENT Summary Persuasive business development professional, successful at establishing and maintaining key partnerships with corporate decision makers. Offering more than 12 years of successful corporate business development and operations experience. A top-performer with the entrepreneurial vision and leadership skills to drive business expansion. Proven skills in driving results, product development, project management, account management and problem solving."
98108571,98108571,SALES,DESIGNER," SALES ASSOCIATE Experience 04/2016 to Current Sales Associate Company Name － City , State Help customers with their pet problems and assist them in choosing the right products for their pets. 06/2014 to 08/2014 Office Secretary Company Name － City , State Organized a storage area full of papers and transferred them into the computer for easier access. Helped run errands for my co-workers and my boss. 02/2014 to 04/2014 Waitress Company Name － City , State Waited on customers and cleaned necessa"
11005406,11005406,DIGITAL-MEDIA,INFORMATION-TECHNOLOGY," SPRINT ISP MANAGEMENT TO THE VENDOR Qualifications Windows 95-XP-Windows 7/8.8,1/10 Windows NT/2000/2003/2008/2012 Red Hat (limited) Ubuntu (limited) VIRTUALIZATION TECHNOLOGY: ESX/ESXi 3.5-5.5 MS Hyperv 2005-2008 SECURITY SYSTEMS/LOAD BALANCERS: Brocade SSL Load Balancer F5 BigIP AFT/LTM Load Balancer SSL Cert Management - 230 Sites Watchguard Work Experience Sprint ISP Management to the vendor May 2014 to Current Company Name Performed System Administration for clients in KCMO/KS - worked on "
24590489,24590489,PUBLIC-RELATIONS,ACCOUNTANT," BILLING SERVICES ASSOCIATE Professional Summary Detail-oriented and versatile government, commercial, and non-profit billing professional with proven ability to efficiently manage multiple assignments while meeting strict deadlines. Excels at cultivating and managing internal and external client relationships. HIGHLIGHTS Exceptional verbal and written Proficient with Microsoft Office Suite communication with all executive levels (including SharePoint) and PeopleSoft Dedicated to process improve"
14346702,14346702,CONSULTANT,SALES," JEWELRY CONSULTANT Summary As you will see on my resume, I have the required experience, education, and training you seek in a candidate. In addition, I am a military spouse and have a vast understanding of government regulations, policies, and procedures. I am very competent in managing an organizations financial resources and feel I would be an excellent addition to your company. I would like to thank you for considering my application. I am very excited at the prospect of working for your te"
12669075,12669075,APPAREL,ARTS," BRANCH ADMINISTRATOR Objective Obtain a challenging position which will demonstrate and highlight my organizational, customer service, communication, and project management skills. Summary Committed and motivated Administrative Assistant with exceptional customer service and decision making skills. Strong work ethic, professional demeanor and great initiative.Energetic and reliable Office Manager skilled with working with a diverse group of people. Excellent team-building skills. Motivated pers"
17033567,17033567,ARTS,FITNESS," VIDEO DIRECTOR, EAST COAST VIDEO FOR ENTERPRISE BRANDS Summary Athletics have always been an integral part of my life in one way or another. After years of using my physical fitness to supplement the successes of my previous career choices, the decision to bring fitness to the forefront of my life is one that would satisfy my desire to not only continue to foster a personal healthy lifestyle but also to allow a greater platform for sharing my discoveries of healthiness with others. Highlights P"
14945250,14945250,DIGITAL-MEDIA,BUSINESS-DEVELOPMENT," DIGITAL MEDIA CONSULTANT Summary Dynamic and results-driven Outside Sales and Territory Manager with over 15 years of successful new business development, competitive market share expansion, and customer relationship development. Creative,goal oriented and motivated team leader who develops strong working relationships,adapts well to a changing environment and provides clear direction. Highlights Successful Sales & Revenue Generation Leadership & Team Building Experienced Account Management Eff"
24670867,24670867,FINANCE,ACCOUNTANT," GLOBAL FINANCE ACCOUNTANT Summary Honest, reliable, dependable, hardworking, quick learner, enthusiastic, motivated individual with strong work ethics, who is results driven, detail oriented, and well organized with a fervent desire to learn and be part of a professional team which offers continued opportunities for professional and personal growth. Skills Excellent people and self-management techniques, Excellent Client or Business partner relations, Excellent Written and Oral communication ab"
91515108,91515108,AUTOMOBILE,BANKING," POLICY SERVICE SPECIALIST III Professional Summary Seeking the position of Claims Representative I, where my skills, experience, and assistance can be utilized for the success of the Enterprise and MRM strategy. Summary of Qualifications Proven effectiveness to negotiate and resolve complaints on an escalated level Knowledge of call center management applications, industry standards/requirements, workforce management software, service quality assurance programs, and industry best practices. Pro"
11183737,11183737,BPO,CHEF, MANAGER- ADMINISTRATION & FACILITIES Executive Summary A motivated administrative professional seeking a position in a challenging environment. Over 8 years experience successfully providing administrative and secretarial support to the operational department. Proficient in a range of computer applications. Well-developed communication and customer service skills. Proven ability to efficiently plan and manage multiple assignments to meet tight deadlines. A proactive problem-solver who gets the 
16121015,16121015,SALES,APPAREL," SALES ASSOCIATE Career Focus I am a dedicated, hardworking woman. I am trying to provide for a growing family. I am great with people, and handle myself well in difficult situations. I am looking to eventually go back to school and better my own life as well. As for now I am seeking any type of employment to be able to provide for the daily needs of myself and my children. Skills Speaking Sales and Marketing Customer and personal Service Active Listening Critical Thinking Reading Comprehension "
25187733,25187733,CONSTRUCTION,ENGINEERING," SAFETY PROFESSIONAL / CONSTRUCTION SUPERVISOR Summary Seeking a Purchasing Manager position with a firm in the Western New York vicinity in which I can utilize my 15+ years experience coupled with my B.S. in Business and my A.A.S. in Engineering Technology to contribute to the leadership and growth of the organization. Highlights Over 15 years of purchasing, materials management and logistics planning experience. Strong business/commercial experience conducting purchasing negotiations, maintain"
99433371,99433371,CONSTRUCTION,DESIGNER," CONSTRUCTION Executive Summary To find an internship in the profession where I can gain experience in and exposure to the practice of product design. Core Qualifications Adobe Photoshop and Illustrator AutoCAD and Revit Microsoft Word, Excel and PowerPoint Professional Experience Aug 2006 to Current Castle Inspection Service Oregon and California High Value Residential Insurance Appraiser Appraise high value homes in Oregon and California for a replacement cost. Construction Jul 2005 to Jan 200"
78229715,78229715,FINANCE,ACCOUNTANT," AVP, FINANCE Summary Accounting professional with extensive experience financial and managerial accounting practices and procedures. Detail oriented with strong organizational skills; diligent and hardworking with proven ability to handle multiple projects simultaneously and prioritize efficiently while meeting deadlines. Ability to identify problems and recommend feasible solutions. Highlights Accounting Software -JD Edwards, Quick books, and Great Plains, Microsoft Excel Account reconciliatio"
39247950,39247950,BANKING,INFORMATION-TECHNOLOGY," SOFTWARE ENGINEER Qualifications C# 3.0, PL/SQL, JavaScript, HTML 4, CSS 2 Framework: .NET 3.5 Database: SQL Server 2008, Oracle 9i Operating systems: Windows 98/XP, Windows server 2000/2005, UNIX Tools/Services: TOAD, HP Service Manager, WinSCP, PuTTY, PM Smart, vi text editor, Visual SourceSafe and BusinessObjects XI 3.1 Universe Designer, Desktop Intelligence, Central Management Console Domain: Banking Work Experience Software Engineer July 2010 to March 2014 Company Name 3 years and 9 month"
56952849,56952849,DIGITAL-MEDIA,INFORMATION-TECHNOLOGY," IT & MEDIA ADMINISTRATOR Summary Experienced IT Administrator with a keen eye for innovative solutions and 15 years of experience in troubleshooting, managing and ensuring that networks and systems run at optimum capacity. Highlights Windows, Apple, Linux and Cisco IOS Network upgrades; CISCO router management Technical specifications creation Website creation and maintenance Excellent problem-solving abilities Outstanding communication skills Exceptional diagnostic skills Graphic design Accomp"
67582956,67582956,DESIGNER,ENGINEERING," PROJECT DESIGNER Summary Team-oriented and client-focused Civil Engineer with 16 years of experience who designs environmentally-conscious and cost-effective public infrastructure solutions. Dedicated [job title] with excellent technical, analytical and communication skills demonstrated by [number] years of experience. Highlights Team Player Organized/ Detail-oriented Microstation/Geopak Design Software Corridor Modeling Design Software AutoCAD Civil 3D Erosion and sedimentation control Highway"
10466208,10466208,HEALTHCARE,BUSINESS-DEVELOPMENT," PHARMACEUTICAL SALES REPRESENTATIVE, WOMEN'S HEALTHCARE SPECIALIST Professional Summary Skills PROVEN ADMINISTRATIVE HIGHLY ORGANIZED LEADERSHIP SUPPORT EVENT PLANNING ENTREPRENEURIAL CONFLICT PUBLIC SPEAKING MINDSET RESOLUTION PROJECT STAFFING TEAM LEADERSHIP REPORTING AND SELF DIRECTED DOCUMENTATION OUTBOUND CALLING PROSPECTING Account Management Acquisitions ADMINISTRATIVE Contracts Clientele Customer satisfaction Customer Ssatisfaction Decision making DOCUMENTATION EVENT PLANNING Inventory "
15224503,15224503,FINANCE,ACCOUNTANT," SENIOR MANAGER -NATIONAL SALES FINANCE Executive Profile Ambitious [Job Title] who creates strategic alliances with organization leaders to effectively align with and support key business initiatives. Builds and retains high performance teams by hiring, developing and motivating skilled professionals. Skill Highlights Skills Office software: MS Word, Excel, PowerPoint, Access Systems: Solar, Business Objects, PC Links General Ledger, FCI, FC Links, FEC, CORE, SAM Professional Experience Senior "
26961846,26961846,FINANCE,ACCOUNTANT," FINANCE SPECIALIST Summary To be able to join an organization where I can utilize my proficiency with accounting principles, along with a flair for accuracy towards performing my duties. Experience Finance Specialist Nov 2014 to Jan 2015 Company Name One of the nation's largest owners and managers of high-quality residential housing representing a diverse mix of multifamily, military and student communities. Salary: USD15 per hour Hours: 40 hours per week During the short term I have worked wit"
88691367,88691367,CONSULTANT,ACCOUNTANT," CONSULTANT Summary Accomplished and highly skilled Controller with a proven ability to impact corporate performance through skillful orchestration of fiscal management and team leadership. Keen ability to influence processes integral to company growth driving operational excellence and achievement of objectives. Expertise in financial statement preparation and analysis, operational management, forecasting, and cost control. Provide strategic value by leveraging current financial administration "
10724818,10724818,SALES,PUBLIC-RELATIONS, SALES Career Overview Executive Assistant who is skilled at multi-tasking and maintaining a strong attention to detail. Employs professionalism and superior communication skills to meet client and company needs. Skill Highlights Time management Meticulous attention to detail Microsoft Office proficiency Invoice processing Travel administration Scheduling Self-starter Meeting planning Core Accomplishments Calendaring Planned all meetings and travel for CEO. Scheduling Facilitated onboarding of n
27164756,27164756,ARTS,ADVOCATE," CO- FOUNDER/THERAPIST AND TEACHING ARTIST Summary Mental Health Counselor specializing in Art and Play Therapies . Responsible self-starter who communicates well and is dedicated to improving the well-being of clients. Mental health professional driven to help others overcome personal obstacles. Comfortable working autonomously or in a team-based setting. Clinically certified Mental Health Therapist skilled at motivating, communicating and advocating for clients dealing with mental health and e"
25213006,25213006,CONSULTANT,SALES," CONSULTANT Summary Professional, dedicated hard worker. Over 10 years of Customer Service Experience. Self-motivated inside Sales Representative with excellent verbal and written communication skills and strong computer and CRM experience. Customer service professional dedicated to effective team management and customer satisfaction. Management professional effective at building highly- motivated teams as well as leading cross functional teams in a fast-paced environment. Enthusiastic, resource"
65325317,65325317,ARTS,PUBLIC-RELATIONS," EXECUTIVE DIRECTOR Career Overview Highly motivated public servant for over 35 years in a multitude of facets to include: Administrative Management, Logistics Management, Budget Management, Emergency Management, Quality Improvement Management, Physical and Personal Security Management, Antiterrorism, Force Protection, Shipboard Operations, Navigation, Maritime Law Enforcement, Combat Readiness, Training and Instruction. Skill Highlights Problem Resolution Self-starter Collaboration and Coordina"
12955994,12955994,CONSULTANT,HEALTHCARE," CONSULTANT Summary Versatile Management Professional trained in Insurance, Healthcare, Project Management, and Operational Leadership who thrives in dynamic, challenging and fast-paced professional environments. Assertive and enthusiastic, with extensive knowledge of risk management and business administration and an unsurpassed work ethic. Highlights B2B sales and service Process improvement strategies Contract review & management Healthcare & Long-term care product expertise In-depth knowledg"
46772262,46772262,ADVOCATE,HEALTHCARE," PRACTICUM EXPERIENCE Summary Nurse Practitioner focused on providing quality care and maintaining direct lines of communication with patients and the entire health-care team. Superb interpersonal and leadership skills and enjoys challenges and learning new concepts and skill sets. Certifications Registered Nurse Certified Emergency Nurse Trauma Nurse Specialist Basic Life Support Advanced Cardiac Life Support Pediatric Advanced Life Support Highlights Practicum hours include Primary Care, Pedia"
56151548,56151548,APPAREL,HR," SUBSTITUTE TEACHER Summary Seeking an Administrative position where my professional experience and education will allow me to make an immediate contribution as an integral part of a progressive company, which will require me to apply my knowledge to assist the company in the accomplishment of its goals and develop excellent work environment. Extensive background in HR generalist affairs, including experience in recruitment and retention, staff development, mediation, conflict resolution, benefi"
23782450,23782450,SALES,APPAREL," SALES MANAGER Summary Friendly and enthusiastic with over six years of specialization in hospitality. Able to learn new tasks quickly and proficient in growing key customer relationships. Represent establishment with friendly, professional demeanor at all times. Able to work in a fast paced establishment and passionate about exceeding expectations. Highlights Client relations specialist Conflict resolution techniques Team management Meticulous attention to detail Skilled multi-tasker Deadline-o"
20705888,20705888,FINANCE,AVIATION," FINANCE OFFICER Professional Summary Bilingual self-starter with broad customer service background. Skilled in developing relationships and providing exceptional individualized service. As well as an enthusiastic, resourceful recent graduate with academic and professional background. Ability to establish priorities and meet challenges head-on. Skills • Excellent attention to details • Fluent in Spanish • Excellent driving skills • Excellent skills in Microsoft Outlook, Word, Excel and PowerPoin"
30968749,30968749,DESIGNER,ENGINEERING," LEAD DESIGNER Career Focus An professional with experience in dealing with the optimization of complex processes or systems as well as providing steel framing solutions to residential and commercial applications.Dedicated engineer with excellent technical, analytical and communication skills demonstrated by 4 years of experience.Experienced CAD Drafter with solid knowledge of the practical application of engineering science and technology. Proven ability to manage multiple projects and meet cri"
10603337,10603337,SALES,APPAREL," SALES ASSOCIATE Experience 08/2014 to Current Sales Associate Company Name － City , State Greet customers and ascertain what each customer wants or needs. Describe merchandise and explain use, operation, and care of merchandise to customers. Compute sales prices, total purchases and receive and process cash or credit payment. Maintain knowledge of current sales and promotions, policies regarding payment and exchanges, and security practices. Inventory stock and requisition new stock. Ticket, ar"
24397882,24397882,AGRICULTURE,ACCOUNTANT," DIRECTOR OF FINANCE Summary Financial Statement Reporting & Analysis Budgeting & Forecasting SOX Compliance Accounts Payable/Receivable Sales & Use Tax Returns SEC Reporting Problem Identification & Resolution Internal & External Audit I.T. Support Payroll & H/R Management Process Improvements Data Extraction & Analysis Highlights Omega, Oracle, JDEdwards, MAS90, Essbase, Hyperion, Brio/BI, Quickbooks, FFIS, SAP, Microsoft (Excel, Word, PowerPoint, Access, Visio), FOCUS®, ADP (Pay eXpert, PC Pa"
67501448,67501448,BUSINESS-DEVELOPMENT,PUBLIC-RELATIONS," BUSINESS DEVELOPMENT COORDINATOR/EVENT COORDINATOR Summary Dynamic and creative Business Development Coordinator with a successful career in marketing,promotions,public relations,project and communications management. Highlights Event Management Negotiation skills Customer Targeting Polyglot Social Networking Online Marketing Strategies Teamwork Problem Solver Skills Responsible and reliable,Highly motivated for career advancement,Able to deal in a mature manner with problem solving,Willing to "
17658471,17658471,FITNESS,TEACHER," AVID TUTOR Core Qualifications Academic planning Goal setting and implementation Counseling Group instruction Microsoft office Public speaking Attention to detail Dependability Education Bachelor of Arts , Human Services and Counseling 2008 Lindsey Wilson College － City , State , USA Human Services and Counseling Work Experience AVID Tutor Aug 2011 to May 2013 Company Name － City , State Took an active role in developing the academic and personal strengths of AVID students. Served as a role mod"
21866029,21866029,HEALTHCARE,APPAREL," SENIOR ANALYST - BUSINESS INTELLIGENCE AND ANALYTICS - HEALTHCARE Summary My 9 years of experience working in Retail, Analytics, and Reporting have given me a strong understanding of both business objectives and technical capabilities. I have worked on Data Visualization, Data Analysis, Analytical Reporting, Retail Reporting, Retail Forecasting, Retail Inventory Management, and Retail Product Management, as well as capabilities consulting on broader initiatives. The knowledge I have developed t"
15973307,15973307,SALES,HEALTHCARE," SALES CONSULTANT Summary A current sophomore majoring in sociology whom enjoys working and interacting with people. Technologically savvy, a quick learner, and a strong work ethic ensures great leadership as well as a great team member. Always willing to put best effort into work to accomplish goals with a friendly and positive attitude that contributes to a pleasant work environment. Experience Company Name City , State Sales Consultant 07/2017 to 08/2017 Processed customer payments with an up"
28377361,28377361,SALES,CHEF," SALES ASSOCIATE Professional Summary Food service worker with fast food, retail and customer service experience. Trained in food safety and handling. Highlights Neat, clean and professional appearance Delivers exceptional customer service Reliable team worker Skills Work History Sales Associate 08/2013 to 01/2014 Company Name – City , State Computed sales prices, total purchases and processed payments. Described merchandise and explain operation of merchandise to customers. Maintained knowledge"
54201930,54201930,DESIGNER,PUBLIC-RELATIONS," GRAPHIC DESIGNER Summary ➢ While working as Front Desk Receptionist at Meyer Sound, contributed to Marketing Team by updating and translating marketing materials, updating website, and improving sales collateral. Promoted to Marketing Coordinator for Latin America. ➢ Contributed to substantial cost savings for Meyer Sound by creating ads for publication, editing graphics, and translating materials thereby eliminating the need to hire third-party agents to complete this work. ➢ Researched vendor"
11890896,11890896,ENGINEERING,TEACHER," SENIOR ENGINEERING MANAGER Summary Personable, patient and adaptable Math tutor with 3 years of experience tutoring K-12 and college students in Mathematics. Highly reliable and approachable person with 8 years of professional experience in people management, leadership, documentation, multi-tasking, innovation and creativity, gained through the corporate world of Silicon Valley. Accomplishments Problem Solving Assisted students from K-12 through college on a variety of class assignments, helpe"
25935030,25935030,ACCOUNTANT,BUSINESS-DEVELOPMENT," ACCOUNTANT Summary Reliable Customer Service Representative with extensive track record in demanding sales and account management environments. Personable and responsible Cashier with 2 years in retail and customer service. Solid team player with upbeat, positive attitude. Results-driven with proven ability to establish rapport with clients. Highlights Strong organizational skills Active listening skills Sharp problem solver Energetic work attitude Resourceful Dedicated team player Account mana"
24905947,24905947,FITNESS,SALES," ACCOMMODATION SERVICE EXECUTIVE LL Professional Summary Customer service and sales expert who identifies customer needs and delivers solutions to problems. Driven to exceed sales and customer satisfaction goals and build long term relationships with the clients. Creates a positive experience through high quality customer care. Bilingual manager able to build, lead and train efficient and friendly service teams. Core Qualifications Client-focused Results-oriented Quick learner Superior communica"
22452756,22452756,AUTOMOBILE,FINANCE," SERVICES ENGINEER Summary Seeking a challenging and exciting job in a growth oriented industry were my potential for hard work and skills will be fully utilized Experience Services Engineer January 2007 to January 2010 Company Name Electrical items, for LEGRAND, HAVELLS, INDO ASIAN, From 2010 to march 2013 Job Function - Working as the Head General Goods COSCHARIS Group, 1-7 COSCHARIS Street. P.O. Box 71268, Lagos (Nigeria) Ph: +234-8123177630 COSCHARIS Group is the He started as a Technical fo"
22391901,22391901,ADVOCATE,SALES," GRADATION CANDIDATE ADVOCATE Executive Summary High-energy Manager successful in building and motivating dynamic teams. Cultivates a company culture in which staff members feel comfortable voicing questions and concerns, as well as contributing new ideas that drive company growth. Versatile child advocate professional with over 5 years experience working in a student-focused learning environment helping students improve their literacy. Core Qualifications Operations management Staff development"
36102323,36102323,AGRICULTURE,HEALTHCARE, RESEARCH MOLECULAR/RESEARCH MICROBIOLOGIST/RESEARCH ECOLOGIST (RESEARCH ASSOCIATE) Professional Summary Fully credentialed LPN with experience providing compassionate care in a hospital environment. Experienced LPN licensed in AZ with strong clinical and people skills. Core Qualifications Wound care expertise Clinical training Wound cleaning/care ability Strong medical ethic Strong clinical judgment Advanced Cardiac Life Support (ACLS) certification CPR/BLS certified Drug administration trained
19851252,19851252,AGRICULTURE,ENGINEERING," SAFETY INTERN Areas of Expertise Occupational Safety Microsoft Word, Excel, Power Point, E-Tools Professional Experience 05/2015 to 08/2015 Safety Intern Company Name - City , State Walkthroughs of plant to make sure proper personal protective equipment is being worn by all employees, transition from Material Safety Data Sheet to Safety Data Sheet, implement GHS labels for the chemicals, being in charge of safety to new hire orientation, safety audits, cost benefit analysis of new warning light"
24833063,24833063,FINANCE,ACCOUNTANT," ACTING FINANCE MANAGER Summary Innovative Accountant proficient in extracting financial data from various reporting systems and suggesting key operational changes. Accommodating [Job Title] who effectively manages strict deadlines, schedules and repetitive tasks with a positive, can-do attitude. An accountant and analyst with more than 8-years, proven experience spanning over oil and gas services, manufacturing, and trading business. The experience is not limited to Financial & Management repor"
99033098,99033098,ARTS,HEALTHCARE," CUSTOMER SERVICE ASSOCIATE/CASHIER Summary Highly motivated professional seeking a Receptionist position. Possesses excellent communication skills, a strong intuitive analytical thinking. Goal-oriented, Customer-focused with a team player attitude and drive to succeed. Highlights Flexibility | Adaptability | Organizing and planning skills Attention to detail | Stress tolerant Ability to handle several situations at once with confidence. Knowledge of MS office and the operation of standard offic"
19374660,19374660,BANKING,FITNESS," PROGRAM ASSISTANT Professional Summary Program Assistant with supervising experience and exceptional people skills. Versed in Daxko Operations, membership, childcare. Desires a challenging role as a Membership Coordinator. Experience Program Assistant , 07/2013 to Current Company Name － City , State Billing/Finance, to include: Purchase Orders, Childcare billing, refunds and credits for different programs. Well versed in Daxko Operations. Assist in training, supervising member services associat"
16103783,16103783,PUBLIC-RELATIONS,INFORMATION-TECHNOLOGY," OFFICE ADMINISTRATOR Professional Profile Skilled and highly organized professional, leveraging operational and interpersonal abilities developed during education and experience to excel in administrative operations. Operational Support: Track record of contributing effectively to productive operations, supporting goals and assisting management in daily functions, event planning, and marketing efforts. Strong organizational skills and eye for detail; able to accurately manage records and files,"
92200491,92200491,SALES,CHEF," SALES REPRESENTATIVE Summary Food service worker with fast food, retail and customer service experience. Trained in food safety and handling. Also have some Sales Representative Skills. Highlights Reliable and punctual Reliable team worker Cash handling Comfortable standing for long time periods Math and language skills Conversant in Spanish Restaurant management Excellent multi-tasker fast learner self-motivated able to work in fast-paced environment able to count daily bank deposit able to st"
29177904,29177904,ADVOCATE,HR," ADMINISTRATIVE ASSISTANT Summary Masters prepared Administrative Assistant seeking a position as Human Resource Assistant. Exceptional administrative skills, human resource experience, and 13 years of experience working with C-suite executives. Highlights Microsoft Outlook, Word, Excel, Power Point, Adobe Pro, SharePoint. Accomplishments Supported SVP through personal document management, calendar organization and collateral preparation for meetings. Experience Company Name City , State Adminis"
29510501,29510501,AGRICULTURE,TEACHER," LEAD TEACHER Professional Summary Seeking an Education Coordinator position with a company that will allow me to fully manage curriculum development, coordinate on the job training opportunities, utilize my communication, organizational, and problem solving skills. Core Qualifications Microsoft Office (Word, Outlook, Excel, PowerPoint, Leadership skills Publisher, Access) Time management skills Teaching Strategies GOLD: Creative Curriculum Verbal communication skills CDA-Infants & Toddlers Teac"
34033933,34033933,TEACHER,HEALTHCARE," SUBSTITUTE TEACHER Summary HEALTH ADMINISTRATION HOSPITAL OPERATIONS PUBLIC SERVICE major. An intelligent, enthusiastic young professional with a progressive career in healthcare administration and looking for outstanding opportunities. Experience working in various industries and capable of applying distinct skills and strategies to achieve professional goals. Motivated and organized. Attention to Detail Administrative Support Understanding of healthcare policy Patient Scheduling and Billing K"
12472574,12472574,ENGINEERING,INFORMATION-TECHNOLOGY," QA ENGINEERING TEAM LEAD Career Overview Eight years of progressive technical experience in quality assurance engineering of computer software in windows environment Strong practical and theoretical knowledge of software quality assurance tools and techniques. Proven ability to develop system test strategy and methodology full-scale system integration and testing for quality, reliability, functionality and computability. Expertise in development of IEEE compliant testing documentation Key contr"
15636923,15636923,HEALTHCARE,FITNESS," CERTIFIED PERSONAL TRAINER Professional Summary Certified Personal Trainer 4+ years of experience with formal training in business development, leadership, health and fitness. Extensive sales and customer service experience.Passionate about designing exercise and nutrition plans to maximize workout efficiency, improve fitness, boost stamina and increase overall well being. Very Goal-oriented and self-motivated with talent in motivating others and developing a foundation to meet individual clien"
29573698,29573698,FITNESS,SALES," SALES ASSOCIATE Summary Customer service oriented associate with over two years' worth of experience working with the public, and over 1 year's worth of money-handling experience. Core competencies include customer rapport, ability to maintain a positive attitude, and subtle persuasiveness by relating to the customer. Passionate and self motivated, with a drive to achieve excellence inside as well as outside of the workplace. Highlights Exceptional customer service Sales expertise Excellent com"
24695561,24695561,ADVOCATE,INFORMATION-TECHNOLOGY," VICE PRESIDENT Executive Profile Accomplished at building and sustaining outstanding teams. Creates a team vision that supports the organizational vision. Skilled at turning teams into industry leading teams and developing team members into outstanding performers. Develops innovative approaches to providing high quality, cost-effective service that exceed customer expectations. Skilled author and speaker with numerous articles appearing in national business journals and multiple presentations a"
12155206,12155206,CHEF,TEACHER," KINDERGARTEN TEACHER Professional Summary Energetic, results-oriented team-player eager to bring strong administrative skills to a growing company in need of top-level support. High-performing Administrative Assistant with extensive experience working with a diverse client base and delivering results. Core Qualifications Microsoft Office: Word, PowerPoint, Excel, Outlook Inspiration Software Publisher Software Quick learner/Adaptable Strong Typing Skills Lifelong learner Proofreading/Grammar St"
32385553,32385553,BUSINESS-DEVELOPMENT,SALES, BUSINESS DEVELOPMENT MANAGER Summary Hard working and energetic management professional focused on customer satisfaction throughout all stages of the sales life cycle. Highlights Excellent communication skills Energetic Resolution-oriented Compelling leadership skills Exceptional multi-tasker Effective Retail Sales Manager Experience Business Development Manager September 2012 to March 2015 Company Name Resolve customer complaints regarding sales and service. Determine price schedules and disco
29134372,29134372,HEALTHCARE,HR," REGIONAL RECRUITER Summary Motivated program management professional, a problem-solver and decision maker; specialized in team leadership, resource coordination and customer service, who seeks to re-enter the workforce with both feet. Highlights Professional caregiver Extremely organized Program development Conflict resolutionDecision-making ability Team liaison Process improvements Strong written and verbal communication skills Culturally-sensitive MS Office Business correspondence Project coo"
25949631,25949631,DESIGNER,BUSINESS-DEVELOPMENT," FREELANCE WEBSITE DESIGNER Summary Marine Corps trained leader and business development specialist. With an extensive background in many facets throughout the operational side of a business, I always seek out ways to assist and improve my teams training and overall performance. I have in 12+ years of experience in website development, internet research and seo, 4 years experience in purchasing, training, and supply chain control for the military, 15+ years in b2b/b2c sales, business loan broker"
26888302,26888302,AVIATION,ENGINEERING," AVIATION FUEL QUALITY CONTROL SPECIALIST Professional Summary A dynamic, results-oriented, and highly talented in Process Technology and Engineering with couple of years experience who has consistently received high ratings for technical and chemical expertise. Expertise in a wide range of manufacturing processes and manufacturing control systems. Demonstrated success in developing, implementing and managing new processes to improve quality and productivity. Skills include: process troubleshoot"
18079050,18079050,CONSULTANT,ACCOUNTANT," CONSULTANT Professional Profile To obtain a tax accountant position that offers me the opportunity to actively apply the knowledge and skills developed during my 9-year career in an international company. Qualifications Microsoft Word, Outlook, OneSource, OneNote, CorpTax, Oracle, PeopleSoft, CCH, BNA Excel - Pivot Tables, VLookup Experience July 2015 to September 2015 Company Name City , State Consultant Projections and Forecastings Analysis Foreign Source Income Sec 904 Foreign Tax Credit 616"
10830646,10830646,ARTS,TEACHER," TUTORING CONSULTANT Executive Profile Motivated, enthusiastic educational leader with 15+ years' experience fostering a cohesive student learning atmosphere conducive to learning. My core qualifications include being a licensed reading specialist in multiple states, strong classroom management, public speaking skills, CPR Certified and F.E.M.A. certified for emergency management situations. Skill Highlights Leadership/communication skills Self-motivated CPR Certified Classroom management Crisis"
11333660,11333660,CONSULTANT,PUBLIC-RELATIONS," CONSULTANT Summary Military veteran and PhD with a breadth of professional experience. Proven expertise in long- and short-term projects with tight deadlines and changing requirements. Highlights *Analytical problem solving * Superb writer and editor *Articulate presentation skills * Research / Analysis *Data collection and analysis * Effective team leader Consulting, Research, Analysis, Qualitative Analysis, Quantitative Analysis, Social Media, Project Management, Media Analysis, Editor, Copy "
74236636,74236636,ENGINEERING,CONSTRUCTION," ENGINEERING INTERN Summary To contribute my skills and experience to the further the development of an organization and achieve growth in my professional career path. Education and Training Bachelor of Science : Civil Engineering 2017 San Diego State University , City , State Professional Project Manager BootCamp 2008 PMP Institute , City , State NITC Plumbing/Pipe Fitting Journeyman License 2004 Local 525 Plumbing Apprenticeship Hall , City , State Associate of Science : Airframe Power Plant 2"
10464113,10464113,SALES,BUSINESS-DEVELOPMENT," SALES EXECUTIVE Summary Sales and Customer Service Professional with proven record of accomplishment growing client list and maintaining existing clients. Delivered consistent gains in growth, profits and customer satisfaction and retention through expertise in customer relationship management. Expert troubleshooter, innovative problem-solver. Proactive in ensuring high levels of client satisfaction. Diverse Sales Experience Selling to Businesses, in Medical and Commercial as well as Selling to"
32563518,32563518,HEALTHCARE,INFORMATION-TECHNOLOGY," SR. PROJECT MANAGER Profile Information Technology Professional with a diverse background and 10+ years of progressive experience as an: experienced IT professional consistently delivering exceptional vendor solutions, third party development resources, project resources and program management results. Proven track record and experience with multiple large full-scale, full life cycle implementations, managing both functional and technical teams while provide operations and maintenance support i"
35579812,35579812,HEALTHCARE,CHEF," DINING SERVICES COORDINATOR Professional Summary I have worked in fine dining, in hotels, for more than half of my career, and I also have experience in the hospitalsetting. I have been in the elderly care field for the last 20 years. I have menu creativity, and I can work a smallbudget or a large one. I don't believe in waste, therefore I will use leftovers to create wonderful soups sauces and salads. Expert in managing kitchen staff and preparing foods at reduced cost without compromising qua"
17254634,17254634,ADVOCATE,FITNESS," OVERNIGHT PHARMACY TECHNICIAN Professional Summary Highly motivated and skilled individual with extensive background experience in customer service, administration, retail; long-term care; and hospital pharmacy. Studied Intro to Pharmacy, Anatomy & Physiology, Medical Terminology, Pharmacology & Pharmaceutical Calculations. Trained in the principles of Pharmacy Math and Dosages with knowledge of unit dose and medication preparation. Computer proficiency in MS Word, Excel, Access and PowerPoint."
96761538,96761538,FITNESS,SALES, KIDS CLUB ATTENDANT Summary Reliable and friendly Customer Service and Sales Associate who quickly learns and masters new concepts and skills. Passionate about helping customers and creating a satisfying experience. Objective Seeking part-time/full-time position as a budtender where I can utilize my customer service skills and extensive knowledge in medical marijuana to building long lasting relationships with patients and community members. Skills Vast knowledge of strains and their affects Tr
25497147,25497147,FINANCE,ACCOUNTANT," FINANCE ACCOUNTANT Summary Staff Accountant proficient flexible who adapts seamlessly to constantly evolving accounting processes and technology. Adept at budget forecasting, financial reporting and successful at managing multiple projects. Consistently meeting deadlines under pressure. Extensive knowledge of Accounting Software and processes. Highlights Accounting operations professional Compliance testing knowledge Managerial aptitude Account reconciliation expert Ethical approach to finance "
26691587,26691587,APPAREL,TEACHER," GC HEAD HOSTESS Summary To whom it may concern, my name is Grace Celsi and I would like to share a few of my work-centered skills all while maintaining prestigious grades. Some of my attributes I could bring to your company are as follows: Cheerful head hostess with 4 years helping customers while supporting teammates and managers. Friendly and conversational when welcoming guests whilst accommodating everyone's needs in the workplace. I would consider myself an expert at prioritizing guest nee"
18029935,18029935,ARTS,FITNESS, EXECUTIVE DIRECTOR Professional Summary Visionary and motivated hospitality leader with over twenty-five years of experience in project management and financial administration in both public and private sectors. Possess an established track record of creating and implementing programs and long term business strategies aimed at company growth. Passionate about providing healthy nutritious options and enhancing wellness for youth and communities. Core Qualifications Small business development Pub
26167298,26167298,CONSULTANT,BUSINESS-DEVELOPMENT," MARKETING CONSULTANT Summary Value Creator, Marketing Executive: Versatile strategic leader with over 15 years in corporate marketing, business development, and account management for Fortune 1000, niche, and start-up companies. Success in healthcare, technology, automotive, retail, and consumer-packaged goods. Proven ability to grow revenues and brand loyalty in B2C and B2B markets with innovative campaigns and targeted marketing programs. Contributor to team leader with experience over millio"
25157655,25157655,ARTS,SALES," INSIDE ACCOUNT MANAGER Summary Inside Account Manager with eight years experience at SHI to fill Inside Sales Team Manager position. Strong organizational, analytical, problem resolution skills and vast account knowledge. Highlights Team leadership Customer service expert Experienced in volume licensing Staff training Excellent time management Organized and meticulous Computer-savvy Adept multi-tasker Experience Company Name City , State Inside Account Manager 06/2006 to Current Daily responsib"
13858219,13858219,APPAREL,SALES, ASSISTANT MANAGER Summary General Associates with emphasis in Business Admin. and Communications Current 3.0 GPA Volunteer Junior Achievement teacher Grades 1st and 3rd 3 yrs. as a volunteer in special needs classroom Routinely helped as many as 350 customers each day in a high-volume retail Store. Consistently exceeding daily sales targets with an average of $3000 in sales each day. Over 13 years in retail/customer service Has managed over 13 people at one time. Experience Assistant Manager Fe
13072019,13072019,ACCOUNTANT,CONSTRUCTION," PROJECT ACCOUNTANT Career Focus Dedicated and focused professional who excels at prioritizing, completing multiple tasks simultaneously and following through to achieve project goals. Seeking a role of increased responsibility and authority. Highlights Project coordination Forward-thinking mindset Microsoft Office proficiency Business writing Results-oriented Self-directed Strong interpersonal skills Organized and detail-oriented Professional Experience PROJECT ACCOUNTANT February 2003 to Curre"
14593060,14593060,CONSULTANT,INFORMATION-TECHNOLOGY," IT CONSULTANT Professional Profile Accomplished Senior IT Engineer with demonstrated ability to analyze business requirements and create effective technical solutions applicable to diverse industries. Serves as strategic partner to senior management, identifying business requirements, aligning IT assets with company goals and making key strategic contributions. An experienced Network Engineer with excellent troubleshooting skills. Highlights Over 15 year experience in Design, installation and m"
15811992,15811992,BUSINESS-DEVELOPMENT,ARTS," BUSINESS DEVELOPMENT ASSOCIATE Summary I appreciate your time! I am a high performing and advanced sales professional of 10 years that can benefit your company. I know I would be a great asset to your company and here are a few of my thoughts why: I have 10 years of experience in sales and customer service, both in the auto and the software industry. In both avenues, I thrive to take on the consultant role to do what is best to serve the client and advance the company that I work for in a solut"
25930778,25930778,ENGINEERING,DESIGNER," ENGINEERING TECHNICIAN Summary Creative and innovative draftsman, passionate about building designs and advanced construction solutions. Seeking the best opportunity to further enhance present professional experience and expand knowledge base on architectural designs, while growing with an organization. Skills 3D modeling, architectural drafting, AutoCAD, read blueprints, carpentry, Detail oriented, drafting, email, floor plans, frame, 3dsMax, mechanical, messaging, Microsoft Office application"
15699744,15699744,CONSULTANT,PUBLIC-RELATIONS," CONSULTANT Summary An accomplished and results-driven MARKETING AND SALES MANAGER AND PROFESSIONAL with extensive experience in new business development, branding, customer relations, account and people management, training and development, and new, emerging, and traditional media. Leverages practical experience with strong communication skills, working well with all levels of an organization. Possesses a proven track record of turning underperforming business units into profit centers. A creat"
32069695,32069695,AUTOMOBILE,BANKING, CUSTOMER SERVICE REPRESENTATIVE Core Strengths Active listening skills Strong organizational skills Top sales performer Adaptive team player Seasoned in conflict resolution Energetic work attitude Store maintenance ability Telephone inquiries specialist Customer service expert Career Overview Highly enthusiastic customer service professional with 10 year client interface experience.Dedicated Customer Service Representative motivated to maintain customer satisfaction and contribute to company su
24240349,24240349,TEACHER,PUBLIC-RELATIONS," SUBSTITUTE TEACHER Summary Administrative Assistant with 16+ years experience working with corporations, law firms, and large and small businesses in all aspects of business development and support. Seeking a professional administrative position in a dynamic, professional, educational, or corporate environment. Excellent written and oral communication skills. Highlights Proficient in Microsoft Office Excellent Internet Research Skills Detailed and Accurate Transcription Abilities Public Speakin"
28396528,28396528,CHEF,HEALTHCARE," KITCHEN UTILITY WORKER/EVENING WEEKEND CHEF Professional Summary Fast-learning recent CNA graduate , fast-paced, enthusiastic about working in a hospital , adult family home, and/or retirement home. I have 4+ years experience taking care of mentally ill, dementia, Alzheimer, schizophrenic, hospice and end of life care patients. I focus a lot on patient care and needs to make sure my client is comfortable at all times. Licenses Fundamentals of Caregiving First Aid and CPR Dementia Training Menta"
91539554,91539554,DIGITAL-MEDIA,PUBLIC-RELATIONS, MEDIA WEATHER FORECASTER Summary Skilled weather forecaster with experience in the media network. Familiar with SmartMET system to make short and medium range forecasts at any spatial scale. Highlights Communication skills Adaptability Common software application knowledge Demonstrated organizational/planning skills ability to improvise good performance under difficult situations team work experience reliable Accomplishments Served on a meteorological office for 6 years and as a weather office 
33542483,33542483,DIGITAL-MEDIA,PUBLIC-RELATIONS," DIGITAL CONTENT EDITOR Summary I am a devoted writer and editor inspired to tell stories. With solid experience in print and digital magazine, corporate communications and project management, I have traversed the fields of journalism to help me grow as storyteller, communicator and leader. Combining these skills with my life experiences, I strive to give people a voice. This goal became clearer to me after working for international magazine the last three years. Experience Digital Content Edito"
17714174,17714174,APPAREL,BUSINESS-DEVELOPMENT," ACCOUNT MANAGER/BUSINESS DEVELOPMENT Experience Account Manager/Business Development , 07/2018 to 07/2019 Company Name – City , State Responsible for simplifying diagnostics and improving global health by providing advanced and supporting advanced health care solutions. Identify, select, and develop distributors and end-users qualified to successfully represent CTK Product both domestically and internationally. Collaborate with current customers to develop new business and/or to expand existing"
21568833,21568833,CONSULTANT,ACCOUNTANT," CONSULTANT Summary Position in Accounting/Regulatory or banking operations Highlights Microsoft Office, Lotus Notes, QuickBooks, ACBS, BCS, OTG, AP, RECON+, FMS (G/L System), REVAL (evaluation of hedged funding) and Bloomberg. Accomplishments I was awarded Certificate of Recognition for the year 1998 that helped in lifting of the agreement with Federal Reserve Bank of New York. I was also awarded Certificate of Appreciation for the year 1999. Experience Consultant 01/2013 to 09/2016 Company Nam"
16186411,16186411,INFORMATION-TECHNOLOGY,CONSULTANT," DATABASE PROGRAMMER/ANALYST (.NET DEVELOPER) Summary Software Engineer with 2 years in Web Developer specializing in front end development. Proficient in Software Development Life Cycle (SDLC) and SCRUM AGILE methodologies of development process to produce software solutions by team. Involved in designing, planning, developing and implementing Microsoft .Net based solutions that meet quality and code standards. Developed web based applications using C#, ASP.Net, JavaScript, jQuery, CSS, Bootstr"
29784524,29784524,CHEF,CONSTRUCTION," MANAGER/PIZZA CHEF Summary Expert in managing kitchen staff and preparing foods at reduced cost without compromising quality and taste. Skilled Pizza Chef with exceptional knowledge of baking times, methods, temperatures and flavors. Understands proper function and maintenance of all pizza utensils and equipment. Pizza Chef possessing an innate skill in creating exceptional menu items. Leads productive working environments. Motivated Pizza Chef offering over 30 years experience in the food indu"
15433732,15433732,CONSULTANT,BUSINESS-DEVELOPMENT," CONSULTANT Summary Resourceful Marketing Manager accomplished in all aspects of program and project management, content/collateral development, web/online marketing, including web development and design, social media, and SEM. Self-starter skilled at analyzing market trends and customer/stakeholder needs to develop and manage highly-effective programs and campaigns. Team player with strong ability to communicate effectively with technology, and business audiences. Highlights Web Marketing Produ"
43720116,43720116,AVIATION,ENGINEERING," GRADUATE ENGINEER Summary Intellectually curious and resourceful *Great interpersonal skills and ability to communicate effectively at all levels within an organization Experience 03/2014 to Current Graduate Engineer Company Name － City , State Developed conceptual plans for two intersections near Jersey Shore University Medical Center, based on traffic data, geometric constraints, and roadway design standards. Employed knowledge of Microstation, Inroads, Excel, and VBA to efficiently complete "
26767199,26767199,FINANCE,ACCOUNTANT," FINANCE MANAGER Summary Flexible Financial Manager with the ability to multi-task, meet deadlines, communicate effectively, develop and motivate staff, general accounting and financial reporting for private and public companies. Highlights Excellent analytical, communication and organizational skills. Demonstrate initiative, responsibility and follow through for ""owned work"" Strong attention to detail with the ability to multi-task. Self-directed critical thinker. Experience in SOX compliance a"
38896303,38896303,CONSULTANT,INFORMATION-TECHNOLOGY," CONSULTANT Career Overview Macintosh Expert with 20 years in technical and customer support roles. Experience in back-end programming, relational databases and development/maintenance of complex and critical systems. Wireless system design for Point-To-Point networks. Qualifications Apple Certified Technical Coordinator Apple Certified Support Professional Apple Certified Associate Mac Integration Apple Certified Help Desk Specialist Apple Certified Macintosh Technician Certified Alvarion Syste"
14413257,14413257,APPAREL,DESIGNER," OWNER SENIOR GRAPHIC DESIGNER / UX DESIGNER / APP DEVELOPER LINKSLINKSLINKSLINKSLINKS dLINKSLINKSLINKSLINKSLINKSLINKS LINKSLINKSLINKSLINKS Professional Summary Multi-talented [Job Title] skilled in several artistic mediums, including [Medium] and [Medium] . Seasoned [Job Title] who specializes in print and environmental graphics. Graphic Designer who multi-tasks and manages time well in fiercely competitive, fast-paced environments. Graphic Artist motivated to work on all projects collaborative"
85421438,85421438,HEALTHCARE,DIGITAL-MEDIA," PA MEDIA GROUP Summary Be in a position involving and utilizing my marketing and management skills and knowledge gained throughout my education and on the job experience. Highlights Deep understanding of Google Analytics; analyzing website traffic and trends to help make business decisions; experienced in the tracking and optimize advertising campaigns; Heavy experience in digital marketing (search, target ads, email, social, display, mobile); sold and managed numerous multi platform digital ma"
23396633,23396633,BUSINESS-DEVELOPMENT,DIGITAL-MEDIA," DIRECTOR OF BUSINESS DEVELOPMENT Professional Experience Director of Business Development January 2010 to Current Company Name － City , State Advise on marketing strategy, business models and strategic alliances for private clients in education, scientific and healthcare verticals. Recent projects include: ❖ The American Chemical Society - Developed business plan, marketing strategy and media relations for global launch of $1M research management software product in competitive STM marketplace."
26919036,26919036,CONSULTANT,ADVOCATE," CONSULTANT ACCOUNT Summary This letter is to express my interest in your . I believe that my skills and qualifications make me a viable candidate for this opportunity. Below is a brief summary of my skill set for your consideration. I am confident that my experience and professional dedication will enable me to provide your organization with the skills you expect from your staff. I look forward to meeting you. I can be contacted at 404 Skills PROFESSIONAL SUMMARY Experienced, results oriented C"
24679149,24679149,DIGITAL-MEDIA,APPAREL," DIGITAL PROJECT MANAGER Highlights HTML, CSS, MS Office, Magento, Simparel, Active Collab, AS400, Visuality Pro - Familiar with Google Analytics, Photoshop, Axure and FTP systems - Managed integrations with: KWI, Blue Cherry, Avalara, Smart Focus, Exact Target, Quiet Logistics, Bergen Logistics, Pay Pal, Authorize.net and International Checkout Experience DIGITAL PROJECT MANAGER 01/2015 to Current Company Name City , State Liaison between the Creative Marketing Studio and E-commerce divisions, "
28176889,28176889,CHEF,TEACHER," FOOD SERVER Professional Summary Hardworking professional with a history of exceeding expectations and delivering quantifiable results. Known for boosting company morale by fostering interdepartmental communication. Skills Cash handling, Professional and friendly, Careful and active listener, Data Entry. Education and Training May 1982 McEachern HS City , State High School Diploma : Business Business Community Service Volunteer, Girl Scouts 2012-2013 Work Experience August 2013 to May 2015 Comp"
18090899,18090899,ADVOCATE,DIGITAL-MEDIA," SENIOR ADVISOR AND NATIONAL FUNDRAISING DIRECTOR Professional Summary I am an agile and hungry project manager with nearly five years of experience leading cross-functional teams in the political campaign world. In that time, I have managed concurrent projects at various stages of development, designed and oversaw the maintenance of project plans, and leveraged qualitative and quantitative data insights to inform decision making. My experience embedding on a new campaign every few months has ma"
11842274,11842274,PUBLIC-RELATIONS,CHEF," BARTENDER Experience Bartender , 05/2018 Company Name – City , State Marketing & Public Relations: 10 years, Maintain proper and adequate set-up of the bar on a daily basis. Responsible for maintaining stock, preparing and storing of all garnishes, juices and other perishables to ensure product quality. Attend stand ups prior to each function to obtain all details in order to execute each event flawlessly. Set up and breakdown all mobile bars per hotel standards. Greets guests with warm, genuin"
83338413,83338413,ARTS,TEACHER," FIELD SUPPORT SPECILIST Summary Technology support representative providing workstation and application support. Provides end-user support via phone in a service desk environment. Installs, troubleshoots, maintains and uses a variety of computer systems, software and peripheral devices. Highlights Network traces Technical standards and deliverables Critical thinker Technical standards and deliverables Telecommunications field service Network security Network protocols Proficient in Internet Tec"
23933031,23933031,BPO,BANKING," SR. WORKFORCE MANAGER Summary Results-oriented Workforce & Relationship Manager with diverse background in management & customer service. Dedicated to providing excellent customer service and making operational and procedural improvements that drive savings. Experience 12/2014 to 05/2015 Sr. Workforce Manager Company Name － State 33% reduction of non-productive agent time (+/-600 workforce) Forecasted 14 million yearly contacts within +/- 5% of projection FY16 Q1 savings of $250,000 thru alloca"
67631413,67631413,AVIATION,CHEF," AVIATION SAFETY ASSISTANT Summary I have 17 years of customer service experience as a administrative assistant with the Federal Aviation Administration. Throughout my career I have earned several awards, and recognitions for my commitment to people, team player award and Administrative Employee of the year several times. I have also received several awards for arranging organizing and preparing meals for myself for 40- to 60 people for charity lunches that take place weekly ever year from Oct 1"
